zh,en
地球科学,Earth Sciences
物理与天体物理,Physics and Astrophysics
数学,Mathematics
农林科学,Agricultural and Forestry Sciences
材料科学,Materials Science
计算机科学,Computer Science
环境科学与生态学,Environmental Science and Ecology
化学,Chemistry
工程技术,Engineering Technology
生物学,Biology
医学,Medicine
综合性期刊,General Journals
法学,Law
心理学,Psychology
教育学,Education
经济学,Economics
管理学,Management
人文科学,Humanities
人工智能,Artificial Intelligence
人机交互与普适计算,Human-computer Interaction
网络与信息安全,Network and Information Security
计算机图形学与多媒体,Computer Graphics and Multimedia
计算机科学理论,Computer Science Theory
计算机网络Computer Networks,